{"cameraMode":{"drawMode":0,"name":"Shaded","section":"Shading Mode"},"sceneLighting":true,"audioPlay":false,"sceneViewState":{"m_AlwaysRefresh":false,"showFog":true,"showSkybox":true,"showFlares":true,"showImageEffects":true,"showParticleSystems":true,"showVisualEffectGraphs":true,"m_FxEnabled":true},"in2DMode":false,"pivot":{"x":1.941438913345337,"y":5.326506614685059,"z":4.863669395446777},"rotation":{"x":0.21726566553115846,"y":0.00439124321565032,"z":-0.000981695600785315,"w":0.9761673808097839},"size":16.561491012573243,"orthographic":false}