{"cameraMode":{"drawMode":0,"name":"Shaded","section":"Shading Mode"},"sceneLighting":true,"audioPlay":false,"sceneViewState":{"m_AlwaysRefresh":false,"showFog":true,"showSkybox":true,"showFlares":true,"showImageEffects":true,"showParticleSystems":true,"showVisualEffectGraphs":true,"m_FxEnabled":true},"in2DMode":false,"pivot":{"x":-0.5049788355827332,"y":0.8277963399887085,"z":10.52107048034668},"rotation":{"x":-0.1955343633890152,"y":0.004780845250934362,"z":-0.0010218833340331913,"w":-0.9807480573654175},"size":16.62959861755371,"orthographic":false}