{"cameraMode":{"drawMode":0,"name":"Shaded","section":"Shading Mode"},"sceneLighting":true,"audioPlay":false,"sceneViewState":{"m_AlwaysRefresh":false,"showFog":true,"showSkybox":true,"showFlares":true,"showImageEffects":true,"showParticleSystems":true,"showVisualEffectGraphs":true,"m_FxEnabled":true},"in2DMode":false,"pivot":{"x":1.2748770713806153,"y":-11.386513710021973,"z":30.963525772094728},"rotation":{"x":-0.1837541162967682,"y":-0.008511333726346493,"z":0.0013478565961122513,"w":-0.9830275774002075},"size":41.527915954589847,"orthographic":false}