{"cameraMode":{"drawMode":0,"name":"Shaded","section":"Shading Mode"},"sceneLighting":true,"audioPlay":false,"sceneViewState":{"m_AlwaysRefresh":false,"showFog":true,"showSkybox":true,"showFlares":true,"showImageEffects":true,"showParticleSystems":true,"showVisualEffectGraphs":true,"m_FxEnabled":true},"in2DMode":false,"pivot":{"x":-0.40703871846199038,"y":-16.368316650390626,"z":29.349714279174806},"rotation":{"x":-0.29438120126724245,"y":0.006029335781931877,"z":-0.002131311921402812,"w":-0.9557480216026306},"size":31.09569549560547,"orthographic":false}